{"accuracy": [0.8588957190513611, 0.8857361674308777, 0.8953220844268799, 0.9064416885375977, 0.9072085618972778], "loss": [0.5531776547431946, 0.4302169382572174, 0.38019752502441406, 0.3393104374408722, 0.31756591796875], "val_accuracy": [0.5625, 0.5625, 0.5, 0.5, 0.5625], "val_loss": [0.8468137979507446, 1.5509124994277954, 4.9526190757751465, 2.918336868286133, 2.54728364944458], "learning_rate": [0.0010000000474974513, 0.0010000000474974513, 0.0010000000474974513, 0.0005000000237487257, 0.0005000000237487257]}