{"accuracy": [0.8606211543083191, 0.8932132124900818, 0.9008818864822388, 0.9012653231620789, 0.9242714643478394, 0.9290643930435181], "loss": [0.7492825388908386, 0.5299175381660461, 0.4297496974468231, 0.3887103796005249, 0.3247848451137543, 0.29859787225723267], "val_accuracy": [0.625, 0.6875, 0.5, 0.5625, 0.5, 0.5625], "val_loss": [1.0172646045684814, 0.8433717489242554, 5.154194355010986, 1.1512290239334106, 2.450850486755371, 1.2929542064666748], "learning_rate": [0.0010000000474974513, 0.0010000000474974513, 0.0010000000474974513, 0.0010000000474974513, 0.0005000000237487257, 0.0005000000237487257]}