{"accuracy": [0.8487346768379211, 0.8801763653755188, 0.8935966491699219, 0.8886119723320007, 0.8999233245849609, 0.9093174934387207, 0.9200536608695984], "loss": [0.7534237504005432, 0.5164857506752014, 0.4272928535938263, 0.39275431632995605, 0.3397359549999237, 0.3222365975379944, 0.2930621802806854], "val_accuracy": [0.5, 0.5625, 0.6875, 0.5, 0.5625, 0.625, 0.625], "val_loss": [1.1659520864486694, 1.0490477085113525, 1.471970558166504, 1.59562349319458, 5.281198978424072, 1.627097725868225, 2.1229779720306396], "learning_rate": [0.0010000000474974513, 0.0010000000474974513, 0.0010000000474974513, 0.0010000000474974513, 0.0005000000237487257, 0.0005000000237487257, 0.0002500000118743628]}