{"accuracy": [0.8492690920829773, 0.9247543811798096, 0.929786741733551, 0.9372154474258423, 0.9479990601539612, 0.9470404982566833, 0.9479990601539612, 0.9499161243438721, 0.9559070467948914, 0.9611790180206299, 0.9707644581794739, 0.9635753631591797, 0.970524787902832, 0.970524787902832, 0.9657320976257324], "loss": [0.46584588289260864, 0.2561359405517578, 0.21009063720703125, 0.18350817263126373, 0.16464966535568237, 0.1627996861934662, 0.14500904083251953, 0.1411903202533722, 0.1105668917298317, 0.10665322095155716, 0.09342660009860992, 0.10231034457683563, 0.07465001940727234, 0.07903437316417694, 0.0908956527709961], "val_accuracy": [0.6001917719841003, 0.8264621496200562, 0.8082454204559326, 0.9539788961410522, 0.8226270079612732, 0.30584850907325745, 0.7344199419021606, 0.8676893711090088, 0.9626078605651855, 0.9741131067276001, 0.9674017429351807, 0.9932885766029358, 0.9280920624732971, 0.3672099709510803, 0.9578139781951904], "val_loss": [1.6791009902954102, 0.6741822361946106, 0.6437583565711975, 0.15061795711517334, 0.5708357095718384, 6.860879898071289, 0.9470766186714172, 0.3796596825122833, 0.11054395884275436, 0.055704280734062195, 0.11003638803958893, 0.029512915760278702, 0.20750045776367188, 4.531597137451172, 0.1260918378829956]}