{
  "test_accuracy": 0.7580128312110901,
  "test_loss": 0.7897190451622009,
  "test_precision": 0.7233644859813084,
  "test_recall": 0.9923076923076923,
  "test_f1": 0.8367567567567568,
  "test_confusion_matrix": [
    [
      86,
      148
    ],
    [
      3,
      387
    ]
  ]
}