{
  "transfer_learning": {
    "test_accuracy": 0.8157051205635071,
    "test_loss": 0.6596615314483643,
    "test_precision": 0.7944325481798715,
    "test_recall": 0.9512820512820512,
    "test_f1": 0.8658109684947491,
    "test_confusion_matrix": [
      [
        138,
        96
      ],
      [
        19,
        371
      ]
    ]
  },
  "from_scratch": {
    "test_accuracy": 0.625,
    "test_loss": 1.1418601274490356,
    "test_precision": 0.625,
    "test_recall": 1.0,
    "test_f1": 0.7692307692307693,
    "test_confusion_matrix": [
      [
        0,
        234
      ],
      [
        0,
        390
      ]
    ]
  }
}