{"accuracy": [0.9094176888465881, 0.9360172748565674, 0.9482386708259583, 0.9575845003128052, 0.9479990601539612, 0.9575845003128052, 0.9563862681388855], "loss": [0.2604096233844757, 0.18116432428359985, 0.14115524291992188, 0.11636101454496384, 0.13430003821849823, 0.10634297132492065, 0.1135312169790268], "val_accuracy": [0.6730585098266602, 0.9280920624732971, 0.8935762047767639, 0.6893576383590698, 0.08724832534790039, 0.08341322839260101, 0.7929050922393799], "val_loss": [9.004144668579102, 0.24486927688121796, 0.3220460116863251, 1.3711884021759033, 16.6976375579834, 14.167074203491211, 0.6496811509132385]}