{"accuracy": [0.704049825668335, 0.7594057321548462, 0.7740234732627869, 0.7792954444885254, 0.812844455242157, 0.8063743114471436, 0.8344116806983948, 0.8401629328727722], "loss": [0.7695256471633911, 0.6533851623535156, 0.6093974709510803, 0.6062741279602051, 0.5160365104675293, 0.5236636400222778, 0.47484612464904785, 0.4435904026031494], "val_accuracy": [1.0, 0.24161073565483093, 0.041227228939533234, 0.023969318717718124, 0.0191754549741745, 0.00958772748708725, 0.025886865332722664, 0.03643336519598961], "val_loss": [0.05206817388534546, 3.41999888420105, 21.656288146972656, 54.32354736328125, 46.3547477722168, 48.9830436706543, 26.28534698486328, 24.643749237060547], "learning_rate": [9.999999747378752e-05, 9.999999747378752e-05, 9.999999747378752e-05, 9.999999747378752e-05, 4.999999873689376e-05, 4.999999873689376e-05, 4.999999873689376e-05, 2.499999936844688e-05]}