{"accuracy": [0.7836089134216309, 0.8679606914520264, 0.8957584500312805, 0.9204409122467041, 0.9247543811798096, 0.9302660226821899], "loss": [0.9196774363517761, 0.33097028732299805, 0.25867608189582825, 0.20785021781921387, 0.2073468118906021, 0.20066694915294647], "val_accuracy": [1.0, 0.3748801648616791, 0.5944390892982483, 0.9894534945487976, 0.8398849368095398, 0.018216682597994804], "val_loss": [0.000186758057679981, 2.5080666542053223, 0.840519905090332, 0.026876656338572502, 0.6169620752334595, 52.122337341308594]}